,RMSE,Communication cost (MB) Party 1,Communication cost (MB) Party 2,Time (s) Party 1,Time (s) Party 2
0,1.6451496446428664,0.25702953338623047,35.92842388153076,0.20321106910705566,0.221343994140625
