,RMSE,Communication cost (MB) Party 1,Communication cost (MB) Party 2,Time (s) Party 1,Time (s) Party 2
0,0.8417017024942827,0.005889892578125,0.005889892578125,0.14081597328186035,0.14081597328186035
